{"stats":{"minecraft:picked_up":{"minecraft:oak_log":18},"minecraft:custom":{"minecraft:jump":14,"minecraft:time_since_rest":7359,"minecraft:leave_game":1,"minecraft:crouch_one_cm":3,"minecraft:sprint_one_cm":3141,"minecraft:play_time":7359,"minecraft:time_since_death":7359,"minecraft:walk_one_cm":2421,"minecraft:sneak_time":51,"minecraft:total_world_time":7359,"minecraft:fall_one_cm":209,"minecraft:fly_one_cm":12085},"minecraft:mined":{"minecraft:oak_log":18,"minecraft:oak_leaves":1},"minecraft:crafted":{"minecraft:crafting_table":1,"minecraft:oak_planks":24,"minecraft:stick":8}},"DataVersion":3120}