{"stats":{"minecraft:picked_up":{"minecraft:oak_log":1,"minecraft:stick":1,"minecraft:oak_sapling":1,"minecraft:dirt":17},"minecraft:mined":{"minecraft:oak_log":1,"minecraft:dirt":1},"minecraft:custom":{"minecraft:jump":23,"minecraft:time_since_rest":5462,"minecraft:crouch_one_cm":75,"minecraft:leave_game":2,"minecraft:play_time":5462,"minecraft:sprint_one_cm":4136,"minecraft:time_since_death":5462,"minecraft:walk_one_cm":2240,"minecraft:sneak_time":50,"minecraft:total_world_time":5462,"minecraft:fall_one_cm":687,"minecraft:fly_one_cm":2098}},"DataVersion":3120}