{"stats":{"minecraft:picked_up":{"minecraft:wooden_axe":1,"minecraft:crafting_table":5,"minecraft:feather":7,"minecraft:chicken":5,"minecraft:leather":10,"minecraft:wooden_pickaxe":1,"minecraft:oak_log":27,"minecraft:gunpowder":3,"minecraft:dirt":92,"minecraft:string":1,"minecraft:raw_copper":4,"minecraft:wooden_sword":1,"minecraft:bone":4,"minecraft:bow":1,"minecraft:stone_pickaxe":1,"minecraft:beef":13,"minecraft:wooden_shovel":1,"minecraft:oak_planks":85,"minecraft:egg":3,"minecraft:furnace":4,"minecraft:stick":6,"minecraft:raw_iron":47,"minecraft:gravel":4,"minecraft:porkchop":33,"minecraft:sand":1,"minecraft:diorite":47,"minecraft:stone_sword":1,"minecraft:arrow":1,"minecraft:rotten_flesh":7,"minecraft:stone_axe":1,"minecraft:polished_diorite":20,"minecraft:granite":2,"minecraft:oak_sapling":2,"minecraft:mutton":5,"minecraft:coal":35,"minecraft:white_wool":3,"minecraft:cobblestone":100,"minecraft:ender_pearl":2},"minecraft:broken":{"minecraft:stone_pickaxe":1},"minecraft:crafted":{"minecraft:cooked_beef":7,"minecraft:wooden_sword":1,"minecraft:oak_planks":108,"minecraft:wooden_shovel":1,"minecraft:cooked_porkchop":20,"minecraft:crafting_table":1,"minecraft:iron_helmet":1,"minecraft:wooden_pickaxe":1,"minecraft:cooked_chicken":2,"minecraft:iron_sword":1,"minecraft:furnace":1,"minecraft:bucket":1,"minecraft:stone_axe":1,"minecraft:air":0,"minecraft:polished_diorite":20,"minecraft:iron_chestplate":1,"minecraft:shield":1,"minecraft:iron_axe":1,"minecraft:stick":16,"minecraft:iron_ingot":26,"minecraft:iron_pickaxe":1,"minecraft:stone_pickaxe":1,"minecraft:wooden_axe":1,"minecraft:stone_sword":1,"minecraft:white_bed":1},"minecraft:killed":{"minecraft:pig":9,"minecraft:zombie_villager":1,"minecraft:spider":1,"minecraft:creeper":1,"minecraft:skeleton":4,"minecraft:sheep":3,"minecraft:zombie":6,"minecraft:donkey":3,"minecraft:chicken":5,"minecraft:enderman":3,"minecraft:cow":7},"minecraft:mined":{"minecraft:crafting_table":5,"minecraft:granite":1,"minecraft:grass_block":8,"minecraft:tall_grass":2,"minecraft:cobblestone":6,"minecraft:diorite":20,"minecraft:furnace":4,"minecraft:iron_ore":49,"minecraft:grass":4,"minecraft:oak_log":27,"minecraft:coal_ore":25,"minecraft:gravel":4,"minecraft:sand":1,"minecraft:dirt":20,"minecraft:stone":69},"minecraft:custom":{"minecraft:interact_with_furnace":28,"minecraft:mob_kills":44,"minecraft:interact_with_crafting_table":16,"minecraft:leave_game":3,"minecraft:time_since_death":23523,"minecraft:time_since_rest":23547,"minecraft:sprint_one_cm":149170,"minecraft:damage_taken":779,"minecraft:walk_one_cm":47150,"minecraft:damage_blocked_by_shield":375,"minecraft:drop":7,"minecraft:damage_dealt":6757,"minecraft:swim_one_cm":48150,"minecraft:fly_one_cm":172639,"minecraft:crouch_one_cm":11447,"minecraft:play_time":44603,"minecraft:deaths":1,"minecraft:sneak_time":5306,"minecraft:walk_under_water_one_cm":4016,"minecraft:jump":1114,"minecraft:walk_on_water_one_cm":3277,"minecraft:total_world_time":44603,"minecraft:fall_one_cm":22701},"minecraft:killed_by":{"minecraft:skeleton":1},"minecraft:used":{"minecraft:water_bucket":7,"minecraft:stone_sword":103,"minecraft:stone_pickaxe":131,"minecraft:oak_planks":12,"minecraft:wooden_pickaxe":35,"minecraft:shield":11,"minecraft:iron_sword":1,"minecraft:wooden_shovel":23,"minecraft:cooked_chicken":2,"minecraft:rotten_flesh":5,"minecraft:dirt":58,"minecraft:sand":1,"minecraft:crafting_table":5,"minecraft:polished_diorite":18,"minecraft:wooden_axe":21,"minecraft:iron_pickaxe":10,"minecraft:stone_axe":3,"minecraft:wooden_sword":52,"minecraft:cobblestone":35,"minecraft:furnace":3,"minecraft:cooked_porkchop":5,"minecraft:bucket":8,"minecraft:egg":3},"minecraft:dropped":{"minecraft:granite":1,"minecraft:diorite":18,"minecraft:oak_sapling":1,"minecraft:wooden_sword":1,"minecraft:wooden_pickaxe":1,"minecraft:string":1}},"DataVersion":3120}