{"stats":{"minecraft:picked_up":{"minecraft:wooden_axe":1,"minecraft:coarse_dirt":1,"minecraft:crafting_table":5,"minecraft:feather":10,"minecraft:chicken":7,"minecraft:leather":10,"minecraft:wooden_pickaxe":1,"minecraft:oak_log":27,"minecraft:gunpowder":3,"minecraft:dirt":92,"minecraft:string":8,"minecraft:raw_copper":4,"minecraft:wooden_sword":1,"minecraft:bone":5,"minecraft:bow":1,"minecraft:stone_pickaxe":1,"minecraft:beef":13,"minecraft:wooden_shovel":1,"minecraft:oak_planks":85,"minecraft:egg":4,"minecraft:furnace":5,"minecraft:stick":6,"minecraft:raw_iron":57,"minecraft:gravel":4,"minecraft:porkchop":33,"minecraft:sand":1,"minecraft:grass_block":1,"minecraft:diorite":47,"minecraft:white_bed":1,"minecraft:stone_sword":1,"minecraft:arrow":6,"minecraft:rotten_flesh":8,"minecraft:diamond":2,"minecraft:stone_axe":1,"minecraft:polished_diorite":20,"minecraft:granite":2,"minecraft:oak_sapling":2,"minecraft:mutton":5,"minecraft:coal":50,"minecraft:white_wool":3,"minecraft:cobblestone":109,"minecraft:ender_pearl":2},"minecraft:broken":{"minecraft:stone_pickaxe":1},"minecraft:crafted":{"minecraft:cooked_beef":7,"minecraft:wooden_sword":1,"minecraft:oak_planks":108,"minecraft:wooden_shovel":1,"minecraft:cooked_porkchop":20,"minecraft:crafting_table":1,"minecraft:iron_helmet":1,"minecraft:wooden_pickaxe":1,"minecraft:cooked_chicken":2,"minecraft:iron_sword":1,"minecraft:furnace":1,"minecraft:bucket":1,"minecraft:stone_axe":1,"minecraft:air":0,"minecraft:polished_diorite":20,"minecraft:iron_chestplate":1,"minecraft:shield":1,"minecraft:iron_axe":1,"minecraft:stick":36,"minecraft:iron_ingot":26,"minecraft:iron_pickaxe":1,"minecraft:stone_pickaxe":1,"minecraft:wooden_axe":1,"minecraft:stone_sword":1,"minecraft:white_bed":1,"minecraft:torch":80},"minecraft:killed":{"minecraft:cave_spider":1,"minecraft:pig":9,"minecraft:zombie_villager":1,"minecraft:spider":2,"minecraft:creeper":2,"minecraft:skeleton":10,"minecraft:sheep":3,"minecraft:zombie":7,"minecraft:donkey":3,"minecraft:bee":2,"minecraft:chicken":7,"minecraft:enderman":4,"minecraft:cow":7},"minecraft:mined":{"minecraft:white_bed":1,"minecraft:deepslate_diamond_ore":2,"minecraft:crafting_table":5,"minecraft:granite":1,"minecraft:grass_block":8,"minecraft:tall_grass":2,"minecraft:cobblestone":6,"minecraft:diorite":20,"minecraft:spawner":1,"minecraft:furnace":5,"minecraft:iron_ore":59,"minecraft:grass":4,"minecraft:oak_log":27,"minecraft:coal_ore":40,"minecraft:gravel":4,"minecraft:sand":1,"minecraft:dirt":20,"minecraft:cobweb":1,"minecraft:stone":76},"minecraft:custom":{"minecraft:interact_with_furnace":28,"minecraft:mob_kills":61,"minecraft:interact_with_crafting_table":16,"minecraft:leave_game":3,"minecraft:time_since_death":35523,"minecraft:sleep_in_bed":1,"minecraft:time_since_rest":9966,"minecraft:sprint_one_cm":215603,"minecraft:damage_taken":1492,"minecraft:walk_one_cm":61919,"minecraft:damage_blocked_by_shield":740,"minecraft:drop":10,"minecraft:damage_dealt":9305,"minecraft:swim_one_cm":63808,"minecraft:fly_one_cm":288079,"minecraft:open_chest":3,"minecraft:crouch_one_cm":13397,"minecraft:play_time":56603,"minecraft:deaths":1,"minecraft:sneak_time":6084,"minecraft:walk_under_water_one_cm":5730,"minecraft:jump":1610,"minecraft:walk_on_water_one_cm":6504,"minecraft:total_world_time":56603,"minecraft:fall_one_cm":35830},"minecraft:killed_by":{"minecraft:skeleton":1},"minecraft:used":{"minecraft:water_bucket":15,"minecraft:stone_sword":103,"minecraft:stone_pickaxe":131,"minecraft:oak_planks":12,"minecraft:wooden_pickaxe":35,"minecraft:shield":21,"minecraft:iron_sword":51,"minecraft:wooden_shovel":23,"minecraft:cooked_chicken":2,"minecraft:rotten_flesh":5,"minecraft:torch":29,"minecraft:dirt":67,"minecraft:sand":1,"minecraft:crafting_table":5,"minecraft:white_bed":2,"minecraft:polished_diorite":20,"minecraft:wooden_axe":21,"minecraft:iron_pickaxe":46,"minecraft:stone_axe":4,"minecraft:wooden_sword":52,"minecraft:cobblestone":42,"minecraft:furnace":4,"minecraft:cooked_porkchop":15,"minecraft:bucket":16,"minecraft:egg":4},"minecraft:dropped":{"minecraft:coarse_dirt":1,"minecraft:raw_copper":2,"minecraft:granite":1,"minecraft:grass_block":1,"minecraft:diorite":18,"minecraft:oak_sapling":1,"minecraft:wooden_sword":1,"minecraft:wooden_pickaxe":1,"minecraft:string":1}},"DataVersion":3120}